{"train_loss":5.329726338386536,"train_accuracy":0.01,"learning_rate":0.001,"_timestamp":1.7370395294133465e+09,"_wandb":{"runtime":44},"_runtime":41.692096731,"_step":1,"epoch":2}