{"_runtime":36.1703468,"_step":9,"_wandb":{"runtime":37},"epoch":10,"train_loss":4.120162189006805,"train_accuracy":0.02,"learning_rate":0.001,"_timestamp":1.7371221497841141e+09}