{"_timestamp":1.737039864622944e+09,"_runtime":36.088696889,"_step":1,"epoch":2,"train_loss":4.514649868011475,"train_accuracy":0.02,"learning_rate":0.001,"_wandb":{"runtime":36}}