{"_runtime":193.213298386,"_step":9,"epoch":10,"train_loss":4.160408079624176,"train_accuracy":0.01,"_wandb":{"runtime":193},"learning_rate":0.001,"_timestamp":1.7370380627942774e+09}