{"train_accuracy":0.06,"learning_rate":0.001,"_timestamp":1.737114733778358e+09,"_runtime":40.7558137,"_step":9,"epoch":10,"_wandb":{"runtime":160},"train_loss":4.270652770996094}