{"_wandb":{"runtime":193},"learning_rate":0.001,"_timestamp":1.7370401823015616e+09,"_runtime":193.086948071,"_step":9,"epoch":10,"train_loss":4.219683885574341,"train_accuracy":0.02}