{"_timestamp":1.737113351373796e+09,"_runtime":372.3780266,"_step":9,"epoch":10,"_wandb":{"runtime":536},"train_loss":4.228639841079712,"train_accuracy":0.03,"learning_rate":0.001}