{"train_accuracy":0.01,"learning_rate":0.001,"_timestamp":1.7370397103538744e+09,"_wandb":{"runtime":43},"_runtime":40.580965608,"_step":1,"epoch":2,"train_loss":5.422018051147461}