{"_wandb":{"runtime":178},"_runtime":178.305316236,"_step":9,"epoch":10,"train_loss":4.22409188747406,"train_accuracy":0.02,"learning_rate":0.001,"_timestamp":1.7370374259122698e+09}