{"_step":1,"epoch":2,"_wandb":{"runtime":37},"train_loss":4.68997585773468,"train_accuracy":0.06,"learning_rate":0.001,"_timestamp":1.7370397755923724e+09,"_runtime":34.968214274}