{"epoch": 10, "train_loss": 4.22510119846889, "train_accuracy": 0.0, "learning_rate": 0.001, "_timestamp": 1737042727.1898024, "_runtime": 190.50206446647644, "_step": 9, "_wandb": {"runtime": 190}}