{"learning_rate":0.001,"_timestamp":1.7370395892759907e+09,"_runtime":39.11378298,"_step":1,"_wandb":{"runtime":41},"epoch":2,"train_loss":5.191505789756775,"train_accuracy":0.02}