{"epoch": 10, "train_loss": 4.784616112709045, "train_accuracy": 0.0, "learning_rate": 0.01, "_timestamp": 1737041714.4034994, "_runtime": 202.34520530700684, "_step": 9, "_wandb": {"runtime": 202}}